"","subjectID","which_task","Trim","mean","sd","median","upper"
"1","C27","German","No",0.718896993001302,0.321975309454628,0.647135972976685,1.68482292136518
"2","C27","German","Yes",0.686441214071155,0.19391159640007,0.643115997314453,1.26817600327137
"3","C27","English","No",0.865824149714576,0.555653278337289,0.681850075721741,2.53278398472644
"4","C27","English","Yes",0.775739803479586,0.285743967037264,0.673014163970947,1.63297170459138
"5","C27","Switch","No",0.713332733015219,0.302152725201707,0.648393988609314,1.61979090862034
"6","C27","Switch","Yes",0.686690199954817,0.199041126950759,0.644917011260986,1.28381358080709
"7","C29","German","No",0.740940916538239,0.400475035553299,0.640715479850769,1.94236602319814
"8","C29","German","Yes",0.698310993485532,0.214385977946238,0.639158010482788,1.34146892732424
"9","C29","English","No",1.08641818629371,0.565482468665901,0.89946711063385,2.78286559229141
"10","C29","English","Yes",0.956654930689249,0.316792572667647,0.874019384384155,1.90703264869219
"11","C29","Switch","No",0.837502788503965,0.33767785564771,0.725959897041321,1.8505363554471
"12","C29","Switch","Yes",0.819169040981092,0.285521655943328,0.725334882736206,1.67573400881108
"13","C50","German","No",0.601223230361938,0.133433511686489,0.574190855026245,1.0015237654214
"14","C50","German","Yes",0.601223230361938,0.133433511686489,0.574190855026245,1.0015237654214
"15","C50","English","No",0.686847688092126,0.217163308074319,0.638328552246094,1.33833761231508
"16","C50","English","Yes",0.677784083275822,0.180429947302724,0.637747049331665,1.21907392518399
"17","C50","Switch","No",0.928782200813294,0.415056311693245,0.758877038955688,2.17395113589303
"18","C50","Switch","Yes",0.928782200813294,0.415056311693245,0.758877038955688,2.17395113589303
"19","C51","German","No",0.657644736766815,0.22383437843646,0.613617897033691,1.3291478720762
"20","C51","German","Yes",0.649224746160667,0.193778955423802,0.613101959228516,1.23056161243207
"21","C51","English","No",0.84286920759413,0.448732055125758,0.745686411857605,2.1890653729714
"22","C51","English","Yes",0.795418071475896,0.254475821184713,0.734529972076416,1.55884553503004
"23","C51","Switch","No",0.664928309122721,0.212025721075198,0.629061102867126,1.30100547234832
"24","C51","Switch","Yes",0.659104699869036,0.192312898375757,0.627378106117249,1.23604339499631
"25","C52","German","No",0.55828759405348,0.211528031562078,0.471462965011596,1.19287168873971
"26","C52","German","Yes",0.55828759405348,0.211528031562078,0.471462965011596,1.19287168873971
"27","C52","English","No",0.66761833164427,0.280259262093957,0.549456000328064,1.50839611792614
"28","C52","English","Yes",0.66761833164427,0.280259262093957,0.549456000328064,1.50839611792614
"29","C52","Switch","No",0.791314103702704,0.425634335886128,0.664437055587769,2.06821711136109
"30","C52","Switch","Yes",0.738512964598064,0.296762171745859,0.652753114700317,1.62879947983564
"31","C53","German","No",0.611594344509972,0.181215961978819,0.57518994808197,1.15524223044643
"32","C53","German","Yes",0.611594344509972,0.181215961978819,0.57518994808197,1.15524223044643
"33","C53","English","No",0.706731808185577,0.228409968440368,0.652087926864624,1.39196171350668
"34","C53","English","Yes",0.696055711980639,0.178417276915379,0.650867938995361,1.23130754272678
"35","C53","Switch","No",0.628146716455619,0.184835924104337,0.59435498714447,1.18265448876863
"36","C53","Switch","Yes",0.624936772190876,0.163502402058331,0.59435498714447,1.11544397836587
"37","C54","German","No",0.73361598915524,0.250869369403321,0.682528614997864,1.4862240973652
"38","C54","German","Yes",0.73361598915524,0.250869369403321,0.682528614997864,1.4862240973652
"39","C54","English","No",0.813068826993306,0.32400853829008,0.74184250831604,1.78509444186355
"40","C54","English","Yes",0.800895943987969,0.280622946752826,0.738796949386597,1.64276478424645
"41","C54","Switch","No",0.868218306700389,0.386238724119936,0.761739492416382,2.0269344790602
"42","C54","Switch","Yes",0.834728526967852,0.292894297448677,0.757539033889771,1.71341141931388
"43","C55","German","No",2.15399724377526,4.35315152011111,1.16198801994324,15.2134518041086
"44","C55","German","Yes",1.10430473250312,0.335728874018428,1.00807344913483,2.1114913545584
"45","C55","English","No",1.38448347250621,1.84389384106751,0.956329584121705,6.91616499570872
"46","C55","English","Yes",1.04514480509409,0.346445348386102,0.933848023414612,2.0844808502524
"47","C55","Switch","No",1.02438541203737,0.443548067663994,0.903963446617126,2.35502961502936
"48","C55","Switch","Yes",0.970161439529781,0.325660733253099,0.894182920455932,1.94714363928908
"49","C56","German","No",0.67381417883767,0.151410337509479,0.65488588809967,1.12804519136611
"50","C56","German","Yes",0.67381417883767,0.151410337509479,0.65488588809967,1.12804519136611
"51","C56","English","No",0.664914019902547,0.229545704661995,0.616694450378418,1.35355113388853
"52","C56","English","Yes",0.652542086286918,0.158999404582998,0.615854024887085,1.12954030003591
"53","C56","Switch","No",0.653517159819603,0.182062369291915,0.612763524055481,1.19970426769535
"54","C56","Switch","Yes",0.650230206129197,0.167389517670698,0.612596988677979,1.15239875914129
"55","C57","German","No",0.756555468506283,0.217400518394899,0.690304517745971,1.40875702369098
"56","C57","German","Yes",0.756555468506283,0.217400518394899,0.690304517745971,1.40875702369098
"57","C57","English","No",0.682475703292423,0.177038467542888,0.64243757724762,1.21359110592109
"58","C57","English","Yes",0.682475703292423,0.177038467542888,0.64243757724762,1.21359110592109
"59","C57","Switch","No",0.726566158731778,0.225496164728596,0.670950531959533,1.40305465291757
"60","C57","Switch","Yes",0.7191076508127,0.19405761971259,0.669808506965637,1.30128050995047
"61","C58","German","No",0.833109149667952,0.254861339984616,0.780940055847168,1.5976931696218
"62","C58","German","Yes",0.825568725276926,0.234578936773677,0.778601169586182,1.52930553559796
"63","C58","English","No",0.847200512886047,0.322504464023098,0.74487042427063,1.81471390495534
"64","C58","English","Yes",0.831314630722732,0.285697913503085,0.74230945110321,1.68840837123199
"65","C58","Switch","No",0.794677334030469,0.331158233990457,0.712077498435974,1.78815203600184
"66","C58","Switch","Yes",0.761610762616421,0.236401347052245,0.703714489936829,1.47081480377315
"67","C59","German","No",0.9153480052948,0.574736029971422,0.744326591491699,2.63955609520906
"68","C59","German","Yes",0.807668045947426,0.297831926438474,0.720799922943115,1.70116382526285
"69","C59","English","No",1.03201037777795,0.53570264740079,0.859591960906983,2.63911831998032
"70","C59","English","Yes",0.937061517378863,0.355889017997319,0.822240591049194,2.00472857137082
"71","C60","German","No",0.710894056161245,0.184970941974969,0.661895513534546,1.26580688208615
"72","C60","German","Yes",0.710894056161245,0.184970941974969,0.661895513534546,1.26580688208615
"73","C60","English","No",0.848541964424981,0.197881652651712,0.802222490310669,1.44218692238012
"74","C60","English","Yes",0.848541964424981,0.197881652651712,0.802222490310669,1.44218692238012
"75","C60","Switch","No",0.759663811326027,0.240220144312512,0.706844449043274,1.48032424426356
"76","C60","Switch","Yes",0.759663811326027,0.240220144312512,0.706844449043274,1.48032424426356
"77","C61","German","No",0.710149217976464,0.253801825736364,0.641697525978088,1.47155469518556
"78","C61","German","Yes",0.701453938830498,0.226034013208346,0.639976978302002,1.37955597845554
"79","C61","English","No",0.619896909925673,0.166687303205378,0.581594586372375,1.11995881954181
"80","C61","English","Yes",0.619896909925673,0.166687303205378,0.581594586372375,1.11995881954181
"81","C61","Switch","No",0.682222814361254,0.261654030914017,0.628654479980469,1.46718490710331
"82","C61","Switch","Yes",0.675885413036466,0.222008230051314,0.628588914871216,1.34191010319041
"83","C62","German","No",0.76983118057251,0.749167279718202,0.621278882026672,3.01733301972711
"84","C62","German","Yes",0.682994316924702,0.234114119411823,0.617990970611572,1.38533667516017
"85","C62","English","No",0.888207010428111,0.477332857443452,0.743841052055359,2.32020558275847
"86","C62","English","Yes",0.818641686026071,0.311052289122068,0.733934879302979,1.75179855339227
"87","C62","Switch","No",1.17129929860433,0.915624286964137,0.833921551704407,3.91817215949674
"88","C62","Switch","Yes",0.892358040866263,0.36591480753222,0.764533042907715,1.99010246346292
"89","C63","German","No",0.773221458329095,0.237362997079395,0.722268581390381,1.48531044956728
"90","C63","German","Yes",0.773221458329095,0.237362997079395,0.722268581390381,1.48531044956728
"91","C63","English","No",0.873961997032166,0.363029567016347,0.762642979621887,1.96305069808121
"92","C63","English","Yes",0.842059059576555,0.296858892298246,0.758770465850831,1.73263573647129
"93","C63","Switch","No",0.866854866345723,0.361151477932021,0.782863616943359,1.95030930014179
"94","C63","Switch","Yes",0.840468790880434,0.307234542572285,0.770014047622681,1.76217241859729
"95","C64","German","No",1.08335373799006,0.833911720794569,0.74357545375824,3.58508890037377
"96","C64","German","Yes",0.82743294883824,0.333304186915507,0.703328132629395,1.82734550958476
"97","C64","English","No",0.896553719043732,0.504913278484715,0.775205492973328,2.41129355449788
"98","C64","English","Yes",0.817883971125581,0.346105744792495,0.743580460548401,1.85620120550307
"99","C64","Switch","No",0.91469275355339,0.547453579971926,0.771088361740113,2.55705349346917
"100","C64","Switch","Yes",0.828329370951601,0.32659183725577,0.747074842453003,1.80810488271891
"101","C65","German","No",0.768787297937605,0.418995387575273,0.634683012962341,2.02577346066342
"102","C65","German","Yes",0.730655781966818,0.289460315063501,0.629694938659668,1.59903672715732
"103","C65","English","No",0.958249905374315,0.630694102327736,0.738863348960876,2.85033221235752
"104","C65","English","Yes",0.81745062188474,0.301071070559054,0.701030969619751,1.7206638335619
"105","C65","Switch","No",0.881721799572309,0.543522450463113,0.722216367721558,2.51228915096165
"106","C65","Switch","Yes",0.785844178178946,0.288864656642255,0.71160089969635,1.65243814810571
"107","C66","German","No",0.781153872278001,0.227032751530363,0.747568964958191,1.46225212686909
"108","C66","German","Yes",0.781153872278001,0.227032751530363,0.747568964958191,1.46225212686909
"109","C66","English","No",0.852395909362369,0.282982815641016,0.768998503684998,1.70134435628542
"110","C66","English","Yes",0.8437655691328,0.258934236450105,0.766438961029053,1.62056827848311
"111","C66","Switch","No",0.913050125539303,0.357716559116895,0.813199043273926,1.98619980288999
"112","C66","Switch","Yes",0.87879811195617,0.26788883840713,0.806826949119568,1.68246462717756
"113","C67","German","No",1.05226847463184,0.656100562131882,0.862432479858398,3.02057016102749
"114","C67","German","Yes",0.881407051551633,0.323447630423786,0.80103051662445,1.85174994282299
"115","C67","English","No",1.26851871675915,1.4030341128533,0.789073467254638,5.47762105531905
"116","C67","English","Yes",0.826877188530697,0.298566250431051,0.763324975967407,1.72257593982385
"117","C67","Switch","No",0.979699013630549,0.767836527423094,0.759989619255065,3.28320859589983
"118","C67","Switch","Yes",0.824293894959348,0.323694940266654,0.732730865478516,1.79537871575931
"119","C68","German","No",0.667918337715997,0.205322901505162,0.60596251487732,1.28388704223148
"120","C68","German","Yes",0.667918337715997,0.205322901505162,0.60596251487732,1.28388704223148
"121","C68","English","No",0.772495966487461,0.244773029867431,0.712377905845642,1.50681505608975
"122","C68","English","Yes",0.765002915313124,0.223802160860012,0.711967945098877,1.43640939789316
"123","C68","Switch","No",0.710502881308397,0.23239177640625,0.655996561050415,1.40767821052715
"124","C68","Switch","Yes",0.707529259126221,0.223306237227251,0.655931949615479,1.37744797080797
"125","C69","German","No",0.986397392219967,0.63122306046414,0.782017469406128,2.88006657361239
"126","C69","German","Yes",0.848911461002099,0.335628650127678,0.751065015792847,1.85579741138513
"127","C69","English","No",1.1169378625022,0.811783812234519,0.896304011344909,3.55228929920576
"128","C69","English","Yes",0.934017030064931,0.289800559035264,0.875908136367798,1.80341870717072
"129","C69","Switch","No",1.06692927181721,0.690842714451418,0.835957050323487,3.13945741517146
"130","C69","Switch","Yes",0.880607826369149,0.29351208696058,0.79811692237854,1.76114408725089
"131","C70","German","No",0.634204561180539,0.130353092316478,0.604653358459472,1.02526383812997
"132","C70","German","Yes",0.634204561180539,0.130353092316478,0.604653358459472,1.02526383812997
"133","C70","English","No",0.698533116446601,0.196478805008222,0.654106020927429,1.28796953147127
"134","C70","English","Yes",0.698533116446601,0.196478805008222,0.654106020927429,1.28796953147127
"135","C70","Switch","No",0.67736526876688,0.220890165907553,0.618435382843018,1.34003576648954
"136","C70","Switch","Yes",0.674601261202627,0.212649467028579,0.617746829986572,1.31254966228836
"137","C71","German","No",0.637817325856951,0.160079513102895,0.588873505592346,1.11805586516564
"138","C71","German","Yes",0.637817325856951,0.160079513102895,0.588873505592346,1.11805586516564
"139","C71","English","No",0.616952435175578,0.251146051040872,0.562705039978028,1.37039058829819
"140","C71","English","Yes",0.61072808035304,0.226876441231405,0.562705039978028,1.29135740404726
"141","C71","Switch","No",0.64417301962773,0.216919649901681,0.603013515472412,1.29493196933277
"142","C71","Switch","Yes",0.642068783608441,0.207668002441659,0.603013515472412,1.26507279093342
"143","C72","German","No",1.10729039510091,0.561551034531184,0.952598929405212,2.79194349869447
"144","C72","German","Yes",0.994928175494784,0.31756143118688,0.936722993850708,1.94761246905543
"145","C72","English","No",1.20391068855921,0.736357836170559,0.93864893913269,3.41298419707089
"146","C72","English","Yes",1.0131926080327,0.366004504117803,0.894082546234131,2.11120612038611
"147","C72","Switch","No",1.34165701170762,0.954363294736046,1.01096999645234,4.20474689591576
"148","C72","Switch","Yes",1.02384840315254,0.359726045542372,0.925515413284302,2.10302653977966
"149","C73","German","No",0.738628946410285,0.255461533204501,0.691839933395386,1.50501354602379
"150","C73","German","Yes",0.730038253954669,0.22862326840614,0.691282033920288,1.41590805917309
"151","C73","English","No",0.85868804719713,0.347449462095732,0.757793903350831,1.90103643348433
"152","C73","English","Yes",0.835828822650266,0.266810109465658,0.755455493927002,1.63625915104724
"153","C73","Switch","No",0.829502820968628,0.298385528789291,0.741147041320801,1.7246594073365
"154","C73","Switch","Yes",0.816152705865748,0.260412584898169,0.74008309841156,1.59739046056025
"155","C74","German","No",0.597375599543253,0.194929741043713,0.572773575782776,1.18216482267439
"156","C74","German","Yes",0.599102792793146,0.194090395277082,0.574849128723145,1.18137397862439
"157","C74","English","No",0.642112175623576,0.191487630375052,0.625231504440308,1.21657506674873
"158","C74","English","Yes",0.642112175623576,0.191487630375052,0.625231504440308,1.21657506674873
"159","C74","Switch","No",0.734581779440244,0.287144395943223,0.679646968841553,1.59601496726991
"160","C74","Switch","Yes",0.724086282629716,0.225022786942423,0.679369926452637,1.39915464345699
"161","C75","German","No",0.990963904062907,0.550996650563771,0.823014497756958,2.64395385575422
"162","C75","German","Yes",0.871779206270229,0.322570405834849,0.77738094329834,1.83949042377478
"163","C75","English","No",1.28009401692284,0.866458708562814,0.970406413078308,3.87947014261129
"164","C75","English","Yes",0.974044506123524,0.348910930089579,0.896440982818604,2.02077729639226
"165","C75","Switch","No",1.31171293457349,0.744283257615216,1.08394742012024,3.54456270741914
"166","C75","Switch","Yes",1.07475003873668,0.361742027878606,1.01354098320008,2.1599761223725
"167","C76","German","No",0.884795435269674,0.459684279713058,0.749828100204468,2.26384827440885
"168","C76","German","Yes",0.838979469104247,0.33392393936384,0.741312503814697,1.84075128719577
"169","C76","English","No",0.902128261990017,0.362887419151912,0.806479573249816,1.99079051944575
"170","C76","English","Yes",0.879588803329037,0.318537758831635,0.798144817352295,1.83520207982394
"171","C76","Switch","No",0.820447454849879,0.342148118594721,0.717487931251526,1.84689181063404
"172","C76","Switch","Yes",0.793831430249295,0.273025131116859,0.713086485862732,1.61290682359987
"173","C77","German","No",0.943537599510617,0.296653054234341,0.869083404541016,1.83349676221364
"174","C77","German","Yes",0.908358745574951,0.212865391219004,0.867461919784546,1.54695491923196
"175","C77","English","No",0.920758887132009,0.6441094304038,0.71976900100708,2.85308717834341
"176","C77","English","Yes",0.800416862755491,0.289086686555653,0.70984411239624,1.66767692242245
"177","C77","Switch","No",1.29758376230796,1.11356477787216,0.972077965736389,4.63827809592445
"178","C77","Switch","Yes",0.998135925443084,0.333533692048003,0.917051434516907,1.99873700158709
"179","C78","German","No",1.17649204598533,0.618548310220689,0.949221491813659,3.03213697664739
"180","C78","German","Yes",1.01433116271172,0.373032053286503,0.893993496894836,2.13342732257123
"181","C78","English","No",1.5387296239535,1.07608051765194,1.18709409236908,4.76697117690932
"182","C78","English","Yes",1.11119083563487,0.385102746128537,1.02638149261474,2.26649907402048
"183","C78","Switch","No",1.58486330409845,0.948570978324987,1.23701596260071,4.43057623907341
"184","C78","Switch","Yes",1.12540434436365,0.366186017386176,1.06187605857849,2.22396239652217
"185","C79","German","No",1.05892242590586,0.973706001726482,0.771206021308899,3.98004043108531
"186","C79","German","Yes",0.839423700615212,0.28770636312678,0.752838492393494,1.70254278999555
"187","C79","English","No",1.12519779205322,0.473526950148341,1.009481549263,2.54577864249825
"188","C79","English","Yes",1.0589069162893,0.380113805853404,0.965353012084961,2.19924833384952
"189","C79","Switch","No",0.854994197686513,0.338110170309399,0.773722052574157,1.86932470861471
"190","C79","Switch","Yes",0.834011058686143,0.277686090841105,0.768445968627929,1.66706933120946
"191","C80","German","No",0.811638800303141,0.272633344656553,0.71613597869873,1.6295388342728
"192","C80","German","Yes",0.811638800303141,0.272633344656553,0.71613597869873,1.6295388342728
"193","C80","English","No",0.941364068455166,0.374977650901018,0.832229018211365,2.06629702115822
"194","C80","English","Yes",0.918935548114238,0.334976007901892,0.82534384727478,1.92386357181991
"195","C80","Switch","No",0.890287899971008,0.332099332935693,0.801090478897095,1.88658589877809
"196","C80","Switch","Yes",0.877828523736251,0.310620002948787,0.799798011779785,1.80968853258261
"197","CA0","German","No",1.02737347682317,0.508435784380988,0.853335499763489,2.55268082996614
"198","CA0","German","Yes",0.954949835012125,0.371083543175799,0.827775001525879,2.06820046453952
"199","CA0","English","No",0.980928517712487,0.474587296335915,0.848200440406799,2.40469040672023
"200","CA0","English","Yes",0.920717355848729,0.34770595068483,0.834830522537231,1.96383520790322
"201","CA0","Switch","No",0.923970101773739,0.459742924172602,0.775781512260437,2.30319887429155
"202","CA0","Switch","Yes",0.868987071642312,0.335735103837143,0.765881061553955,1.87619238315374
"203","CA1","German","No",0.742384338378906,0.274516646254627,0.667738437652587,1.56593427714279
"204","CA1","German","Yes",0.742384338378906,0.274516646254627,0.667738437652587,1.56593427714279
"205","CA1","English","No",0.761503454049428,0.26058361049057,0.714693903923034,1.54325428552114
"206","CA1","English","Yes",0.754046294942249,0.241286978895632,0.714238882064819,1.47790723162914
"207","CA1","Switch","No",0.859381325542927,0.430238857336273,0.75466251373291,2.15009789755175
"208","CA1","Switch","Yes",0.813175318846062,0.30143268390198,0.749531030654907,1.717473370552
"209","CA2","German","No",0.969417105780707,0.637292283709913,0.758352637290954,2.88129395691045
"210","CA2","German","Yes",0.829559211959382,0.369547433729844,0.713677167892456,1.93820151314891
"211","CA2","English","No",0.802032215065426,0.429126030879916,0.714455008506775,2.08941030770518
"212","CA2","English","Yes",0.731030280879467,0.22795882256837,0.704910039901733,1.41490674858458
"213","CA2","Switch","No",0.915718029936155,0.548140726735331,0.758511424064636,2.56014021014215
"214","CA2","Switch","Yes",0.802310635932533,0.28297297676019,0.743997097015381,1.6512295662131
"215","CE0","German","No",0.610376938184102,0.16095241824386,0.586049914360047,1.09323419291568
"216","CE0","German","Yes",0.610376938184102,0.16095241824386,0.586049914360047,1.09323419291568
"217","CE0","English","No",0.701524395412869,0.199447516407207,0.649535894393921,1.29986694463449
"218","CE0","English","Yes",0.701524395412869,0.199447516407207,0.649535894393921,1.29986694463449
"219","CE0","Switch","No",0.685990532239278,0.252094086776154,0.646840453147888,1.44227279256774
"220","CE0","Switch","Yes",0.675780532250345,0.196448588317287,0.646355509757995,1.2651262972022
"221","CE1","German","No",0.634175321790907,0.159690185252092,0.606968522071838,1.11324587754718
"222","CE1","German","Yes",0.634175321790907,0.159690185252092,0.606968522071838,1.11324587754718
"223","CE1","English","No",0.73934700621499,0.178642218907271,0.697282552719116,1.2752736629368
"224","CE1","English","Yes",0.73934700621499,0.178642218907271,0.697282552719116,1.2752736629368
"225","CE1","Switch","No",0.635380660990874,0.162304884994848,0.599746584892273,1.12229531597542
"226","CE1","Switch","Yes",0.635380660990874,0.162304884994848,0.599746584892273,1.12229531597542
"227","CE2","German","No",0.57048854165607,0.140753325488295,0.544158577919007,0.992748518120956
"228","CE2","German","Yes",0.57048854165607,0.140753325488295,0.544158577919007,0.992748518120956
"229","CE2","English","No",0.754614304171668,0.279795473190705,0.675450563430786,1.59400072374378
"230","CE2","English","Yes",0.744924971511244,0.248458054546136,0.674644231796265,1.49029913514965
"231","CE2","Switch","No",0.666736727952957,0.26877606468812,0.593239545822144,1.47306492201732
"232","CE2","Switch","Yes",0.656606623711576,0.236705505475722,0.59196400642395,1.36672314013874
"233","CE3","German","No",0.811760865317451,0.512960049415098,0.6972736120224,2.35064101356275
"234","CE3","German","Yes",0.750598744912581,0.203237268724432,0.689001560211181,1.36031055108588
"235","CE3","English","No",0.923045629925198,0.457640347126726,0.779773950576782,2.29596667130538
"236","CE3","English","Yes",0.862425324560582,0.323850193478681,0.776269435882569,1.83397590499663
"237","CE3","Switch","No",0.842344385882219,0.406473290333121,0.738824486732483,2.06176425688158
"238","CE3","Switch","Yes",0.799763432443777,0.286468194019961,0.728135108947754,1.65916801450366
"239","CE4","German","No",0.998077425691817,0.645912937300327,0.814424872398376,2.9358162375928
"240","CE4","German","Yes",0.854728982562111,0.286419838315569,0.793286442756652,1.71398849750882
"241","CE4","English","No",1.15581685966916,0.784591220861071,0.878407835960389,3.50959052225237
"242","CE4","English","Yes",0.932627252910448,0.332027782118724,0.822693109512329,1.92871059926662
"243","CE4","Switch","No",1.09575026084979,0.797736270793681,0.84064507484436,3.48895907323084
"244","CE4","Switch","Yes",0.907340436368375,0.305241109411027,0.810994029045105,1.82306376460146
"245","CE5","German","No",0.768883138232761,0.319717269574529,0.676598429679871,1.72803494695635
"246","CE5","German","Yes",0.739997124267837,0.230864644108774,0.67419695854187,1.43259105659416
"247","CE5","English","No",0.8686838666598,0.349843650880113,0.756011486053467,1.91821481930014
"248","CE5","English","Yes",0.837275629693812,0.2831471114705,0.746247529983521,1.68671696410531
"249","CE5","Switch","No",0.746610734363397,0.29908974892213,0.676421046257019,1.64387998112979
"250","CE5","Switch","Yes",0.716757720696192,0.207147576628861,0.671802997589111,1.33820045058277
"251","CE6","German","No",0.813698000378079,0.253789043293913,0.749000549316406,1.57506513025982
"252","CE6","German","Yes",0.813698000378079,0.253789043293913,0.749000549316406,1.57506513025982
"253","CE6","English","No",0.851033106115129,0.342164650949158,0.74847400188446,1.8775270589626
"254","CE6","English","Yes",0.831511354178525,0.283629328940629,0.746246933937073,1.68239934100041
"255","CE6","Switch","No",0.852318902810415,0.400209747332111,0.748396992683411,2.05294814480675
"256","CE6","Switch","Yes",0.809001116356107,0.26713351325685,0.742434024810791,1.61040165612666
"257","CE7","German","No",0.638112126456367,0.22587111800717,0.607339978218079,1.31572548047788
"258","CE7","German","Yes",0.628573372377364,0.186640186286582,0.606895923614502,1.18849393123711
"259","CE7","English","No",0.694804690943824,0.266721792218774,0.626872062683105,1.49497006760015
"260","CE7","English","Yes",0.694804690943824,0.266721792218774,0.626872062683105,1.49497006760015
"261","CE7","Switch","No",0.785196946064631,0.329671345114123,0.700164914131165,1.774210981407
"262","CE7","Switch","Yes",0.757207970497972,0.248155815460373,0.695412874221802,1.50167541687909
"263","CE8","German","No",0.704325838883718,0.351840990536427,0.607619524002075,1.759848810493
"264","CE8","German","Yes",0.675861635904634,0.220726871519866,0.605175018310547,1.33804225046423
"265","CE8","English","No",1.02920573817359,0.469229588347514,0.917839884757995,2.43689450321613
"266","CE8","English","Yes",0.95327609603168,0.315153796750517,0.905107021331787,1.89873748628323
"267","CE8","Switch","No",0.773559867342313,0.359438041517008,0.700625658035278,1.85187399189334
"268","CE8","Switch","Yes",0.743695317564757,0.259041621746357,0.699987888336182,1.52082018280383
"269","CE9","German","No",0.657169477144877,0.225347753048285,0.594579815864563,1.33321273628973
"270","CE9","German","Yes",0.646118530348027,0.170179868459754,0.593589782714844,1.15665813572729
"271","CE9","English","No",0.690627755059136,0.20074518218826,0.633723020553588,1.29286330162392
"272","CE9","English","Yes",0.690627755059136,0.20074518218826,0.633723020553588,1.29286330162392
"273","CE9","Switch","No",0.856302223106225,0.324377979308401,0.782346487045288,1.82943616103143
"274","CE9","Switch","Yes",0.828126589963391,0.252500522288174,0.772992849349976,1.58562815682791
"275","CF0","German","No",0.647661662101746,0.156870264188065,0.636215448379517,1.11827245466594
"276","CF0","German","Yes",0.647661662101746,0.156870264188065,0.636215448379517,1.11827245466594
"277","CF0","English","No",0.722054718600379,0.252707729959004,0.664551496505738,1.48017790847739
"278","CF0","English","Yes",0.717111287492045,0.231546126327265,0.664551496505738,1.41174966647384
"279","CF0","Switch","No",0.790721215804418,0.372096299712694,0.727340936660767,1.9070101149425
"280","CF0","Switch","Yes",0.758254413624899,0.239497801536295,0.725960969924927,1.47674781823378
"281","CF1","German","No",0.710618163479699,0.250417562486638,0.636782050132751,1.46187085093961
"282","CF1","German","Yes",0.702771980669245,0.227854632520144,0.636435985565186,1.38633587822968
"283","CF1","English","No",0.74096002181371,0.247729278814819,0.658029079437256,1.48414785825817
"284","CF1","English","Yes",0.74096002181371,0.247729278814819,0.658029079437256,1.48414785825817
"285","CF1","Switch","No",0.712887983520826,0.327834591671898,0.628757476806641,1.69639175853652
"286","CF1","Switch","Yes",0.686441736885264,0.217897566528388,0.626205563545227,1.34013443647043
"287","CF2","German","No",0.644257044792175,0.205038786254403,0.602320909500122,1.25937340355539
"288","CF2","German","Yes",0.644257044792175,0.205038786254403,0.602320909500122,1.25937340355539
"289","CF2","English","No",0.664558127191332,0.171507580299859,0.644649028778077,1.17908086809091
"290","CF2","English","Yes",0.664558127191332,0.171507580299859,0.644649028778077,1.17908086809091
"291","CF2","Switch","No",0.967408083875974,0.485785982343949,0.827058911323547,2.42476603090782
"292","CF2","Switch","Yes",0.904115909658453,0.316704519256988,0.823165893554688,1.85422946742942
"293","CI0","German","No",0.614296964804331,0.150322784005034,0.578021883964539,1.06526531681943
"294","CI0","German","Yes",0.614296964804331,0.150322784005034,0.578021883964539,1.06526531681943
"295","CI0","English","No",0.701008535756005,0.234761852498241,0.648890495300293,1.40529409325073
"296","CI0","English","Yes",0.701008535756005,0.234761852498241,0.648890495300293,1.40529409325073
"297","CI0","Switch","No",0.757129491865635,0.331719296202445,0.663397550582886,1.75228738047297
"298","CI0","Switch","Yes",0.735263799816244,0.266555745725728,0.659427046775818,1.53493103699343
"299","CI1","German","No",0.708622544341617,0.307486377184295,0.607684016227722,1.6310816758945
"300","CI1","German","Yes",0.681140247711354,0.224554635124292,0.602948904037476,1.35480415308423
"301","CI1","English","No",0.643990243805779,0.188292289416271,0.610776901245117,1.20886711205459
"302","CI1","English","Yes",0.643990243805779,0.188292289416271,0.610776901245117,1.20886711205459
"303","CI1","Switch","No",0.861028009156386,0.359865456400894,0.777416944503784,1.94062437835907
"304","CI1","Switch","Yes",0.831265061966916,0.296802632221974,0.772183656692505,1.72167295863284
"305","CI2","German","No",0.783000826835632,0.361480922523096,0.71303653717041,1.86744359440492
"306","CI2","German","Yes",0.762162369288755,0.302255332111119,0.711825489997864,1.66892836562211
"307","CI2","English","No",0.814258011182149,0.378446782674189,0.727286577224731,1.94959835920472
"308","CI2","English","Yes",0.780624153923854,0.273711208965778,0.724653005599976,1.60175778082119
"309","CI2","Switch","No",0.867793140808741,0.467913936080844,0.734621524810791,2.27153494905127
"310","CI2","Switch","Yes",0.805652430749709,0.29107039684404,0.727172136306763,1.67886362128183
"311","CI3","German","No",0.791143907441033,0.316727253696802,0.666037917137146,1.74132566853144
"312","CI3","German","Yes",0.762383889343779,0.227802321653714,0.665146112442017,1.44579085430492
"313","CI3","English","No",1.0315386639701,0.809480030284666,0.828856110572815,3.4599787548241
"314","CI3","English","Yes",0.886574212242575,0.288389426835657,0.795348405838012,1.75174249274955
"315","CI3","Switch","No",0.949777450660864,0.62018491227917,0.817175626754761,2.81033218749837
"316","CI3","Switch","Yes",0.862367116606776,0.288655689959873,0.80071496963501,1.7283341864864
"317","CI4","German","No",0.754458094967736,0.169298347686287,0.729007005691528,1.2623531380266
"318","CI4","German","Yes",0.746095894435265,0.127143576043685,0.727731943130493,1.12752662256632
"319","CI4","English","No",0.924990367889404,0.323491243273415,0.847111105918884,1.89546409770965
"320","CI4","English","Yes",0.894093369360024,0.208542783306933,0.839003086090088,1.51972171928082
"321","CI4","Switch","No",0.869598126908143,0.369475541797628,0.798439502716064,1.97802475230103
"322","CI4","Switch","Yes",0.838596674460399,0.207234274461978,0.796618938446045,1.46029949784633
"323","CI5","German","No",0.643705872694651,0.181781191998197,0.6330726146698,1.18904944868924
"324","CI5","German","Yes",0.634597168288417,0.134951155874073,0.632683038711548,1.03945063591064
"325","CI5","English","No",0.968269583914015,0.393081807575863,0.834642052650452,2.1475150066416
"326","CI5","English","Yes",0.927444640568325,0.310198978679135,0.828161001205444,1.85804157660573
"327","CI5","Switch","No",0.778961849212646,0.311417450447873,0.704532027244568,1.71321420055626
"328","CI5","Switch","Yes",0.752966279459302,0.22412463989203,0.702341079711914,1.42534019913539
"329","CI6","German","No",0.665085138214959,0.188991751744243,0.639423966407775,1.23206039344769
"330","CI6","German","Yes",0.656615042819657,0.151434286059592,0.638957023620605,1.11091790099843
"331","CI6","English","No",0.703851286570231,0.226208715361323,0.654020547866821,1.3824774326542
"332","CI6","English","Yes",0.687709648957413,0.167523564014494,0.650166630744934,1.1902803410009
"333","CI6","Switch","No",0.756973626712958,0.241544455310493,0.71537446975708,1.48160699264444
"334","CI6","Switch","Yes",0.745114761328547,0.18870515247508,0.71397590637207,1.31123021875379
"335","CI7","German","No",0.927557692262861,0.791195458882709,0.726009607315063,3.30114406891099
"336","CI7","German","Yes",0.763335943222046,0.282401926152714,0.706709980964661,1.61054172168019
"337","CI7","English","No",1.15371520121892,0.836963880149112,0.860826015472412,3.66460684166626
"338","CI7","English","Yes",0.915016688640763,0.336949117741837,0.83467698097229,1.92586404186627
"339","CI7","Switch","No",1.08753597637018,0.991369244283828,0.772585511207581,4.06164370922166
"340","CI7","Switch","Yes",0.840220961864011,0.306530138547093,0.750939846038818,1.75981137750529
"341","CI8","German","No",0.654729009999169,0.13243337166852,0.629744052886962,1.05202912500473
"342","CI8","German","Yes",0.654729009999169,0.13243337166852,0.629744052886962,1.05202912500473
"343","CI8","English","No",0.697545805242327,0.187253201467026,0.648887515068054,1.2593054096434
"344","CI8","English","Yes",0.688276502673186,0.140386142119698,0.648421049118042,1.10943492903228
"345","CI8","Switch","No",0.708159014582634,0.228234870796085,0.668179035186767,1.39286362697089
"346","CI8","Switch","Yes",0.701270336398003,0.171390242719924,0.668178081512451,1.21544106455778
"347","CI9","German","No",0.831151745054457,0.312110193315081,0.758782505989074,1.7674823249997
"348","CI9","German","Yes",0.824593107127611,0.300289368481953,0.756793975830078,1.72546121257347
"349","CI9","English","No",0.985591004954444,0.696581813656142,0.832721471786499,3.07533644592287
"350","CI9","English","Yes",0.890880390145313,0.341498298142682,0.805731534957886,1.91537528457336
"351","CI9","Switch","No",1.02746969262759,0.616714045249211,0.922512054443359,2.87761182837522
"352","CI9","Switch","Yes",0.936829523418261,0.376919958685475,0.902531027793884,2.06758939947468
"353","CJ0","German","No",0.894392683770922,0.398497437213094,0.782626986503601,2.0898849954102
"354","CJ0","German","Yes",0.851233097639951,0.247976118067348,0.780588507652282,1.59516145184199
"355","CJ0","English","No",0.876140043470594,0.387368762391385,0.771209120750427,2.03824633064475
"356","CJ0","English","Yes",0.828123615809849,0.251406939447686,0.769667148590088,1.58234443415291
"357","CJ0","Switch","No",0.915375385185083,0.446541212392946,0.776893496513366,2.25499902236392
"358","CJ0","Switch","Yes",0.855684610079694,0.275698819197904,0.768808841705322,1.6827810676734
"359","CJ1","German","No",0.614758414692349,0.143404213310963,0.588942527770996,1.04497105462524
"360","CJ1","German","Yes",0.614758414692349,0.143404213310963,0.588942527770996,1.04497105462524
"361","CJ1","English","No",0.921703912152185,0.437432200152154,0.839470028877259,2.23400051260865
"362","CJ1","English","Yes",0.875127830505371,0.329077418257047,0.82025408744812,1.86236008527651
"363","CJ1","Switch","No",0.660500117142995,0.222544246331051,0.627066016197204,1.32813285613615
"364","CJ1","Switch","Yes",0.65534377498787,0.19065081698679,0.627066016197204,1.22729622594824
"365","CJ2","German","No",0.710743129253387,0.189347839345802,0.65769636631012,1.27878664729079
"366","CJ2","German","Yes",0.710743129253387,0.189347839345802,0.65769636631012,1.27878664729079
"367","CJ2","English","No",0.812533995840285,0.27346703965183,0.742309093475341,1.63293511479578
"368","CJ2","English","Yes",0.80322191701921,0.243942621456452,0.73796010017395,1.53504978138857
"369","CJ2","Switch","No",0.751403426130613,0.217043340581169,0.712516069412231,1.40253344787412
"370","CJ2","Switch","Yes",0.751403426130613,0.217043340581169,0.712516069412231,1.40253344787412
"371","CJ3","German","No",0.65454408592648,0.213681907809353,0.604202389717102,1.29558980935454
"372","CJ3","German","Yes",0.65454408592648,0.213681907809353,0.604202389717102,1.29558980935454
"373","CJ3","English","No",0.815641803211636,0.31792919830436,0.742903470993042,1.76942939812472
"374","CJ3","English","Yes",0.788654455357352,0.240220574070987,0.73904013633728,1.50931617757031
"375","CJ3","Switch","No",0.705107875168324,0.253850120982095,0.641945600509644,1.46665823811461
"376","CJ3","Switch","Yes",0.695869102418048,0.22607402956323,0.641535997390747,1.37409119110774
"377","CJ4","German","No",1.07044925822152,2.10684543893664,0.637480616569519,7.39098557503144
"378","CJ4","German","Yes",0.652524450121547,0.196943984231598,0.617277145385742,1.24335640281634
"379","CJ4","English","No",1.0198529654079,0.668932854690536,0.803794503211976,3.02665152947951
"380","CJ4","English","Yes",0.870543471353497,0.29563176261092,0.786335945129395,1.75743875918626
"381","CJ4","Switch","No",1.33530253718297,4.00645792608747,0.767561912536621,13.3546763154454
"382","CJ4","Switch","Yes",0.803475159325751,0.273701262735448,0.741507053375244,1.62457894753209
"383","CJ5","German","No",0.668557392226325,0.365444640627835,0.590131163597107,1.76489131410983
"384","CJ5","German","Yes",0.621508729117257,0.161270110934644,0.586226940155029,1.10531906192119
"385","CJ5","English","No",0.652646238274045,0.128289920515619,0.622305035591125,1.0375159998209
"386","CJ5","English","Yes",0.652646238274045,0.128289920515619,0.622305035591125,1.0375159998209
"387","CJ5","Switch","No",0.623120754460494,0.127818238950058,0.595304965972901,1.00657547131067
"388","CJ5","Switch","Yes",0.623120754460494,0.127818238950058,0.595304965972901,1.00657547131067
"389","CJ6","German","No",1.09848057164086,0.695802920437039,0.886710524559021,3.18588933295198
"390","CJ6","German","Yes",0.958534364189421,0.353883817336108,0.838016390800477,2.02018581619775
"391","CJ6","English","No",0.844866622818841,0.392404999678718,0.749645829200745,2.022081621855
"392","CJ6","English","Yes",0.803669222376563,0.26563847701959,0.745243072509766,1.60058465343533
"393","CJ6","Switch","No",0.8794934724768,0.431049714360436,0.740487456321716,2.17264261555811
"394","CJ6","Switch","Yes",0.821038086007532,0.300717566486928,0.729249954223633,1.72319078546832
"395","CJ7","German","No",0.870826046996646,0.392468345370463,0.783399939537048,2.04823108310804
"396","CJ7","German","Yes",0.836605833075141,0.267326351284028,0.772127151489258,1.63858488692722
"397","CJ7","English","No",0.759197191397349,0.326463085248727,0.678769946098328,1.73858644714353
"398","CJ7","English","Yes",0.728200560909207,0.216369443276993,0.67728590965271,1.37730889074019
"399","CJ7","Switch","No",0.811866454283396,0.30845186791521,0.75029456615448,1.73722205802903
"400","CJ7","Switch","Yes",0.784771125700514,0.224983255054435,0.74745798110962,1.45972089086382
"401","CM0","German","No",0.67592242691252,0.177490575209101,0.639057397842407,1.20839415253982
"402","CM0","German","Yes",0.67592242691252,0.177490575209101,0.639057397842407,1.20839415253982
"403","CM0","English","No",0.681568739149306,0.219090461341358,0.651413917541504,1.33884012317338
"404","CM0","English","Yes",0.663484101884821,0.136872471996616,0.649797916412354,1.07410151787467
"405","CM0","Switch","No",0.668983756005764,0.167406740797174,0.639437437057495,1.17120397839729
"406","CM0","Switch","Yes",0.668983756005764,0.167406740797174,0.639437437057495,1.17120397839729
"407","CM1","German","No",0.770664420392778,0.345532275291531,0.675965428352356,1.80726124626737
"408","CM1","German","Yes",0.732435196638107,0.231038492476407,0.671523451805115,1.42555067406733
"409","CM1","English","No",0.695337749852075,0.227692503963967,0.645368456840515,1.37841526174397
"410","CM1","English","Yes",0.685244083404541,0.183557426504458,0.644997835159302,1.23591636291792
"411","CM1","Switch","No",0.728356165687243,0.293437680763955,0.642507910728455,1.60866920797911
"412","CM1","Switch","Yes",0.714791480350294,0.237785765278894,0.641386985778809,1.42814877618698
"413","CM2","German","No",0.652292272779677,0.247951178221917,0.571005940437317,1.39614580744543
"414","CM2","German","Yes",0.652292272779677,0.247951178221917,0.571005940437317,1.39614580744543
"415","CM2","English","No",0.684452014499241,0.227132636330392,0.621920943260193,1.36584992349042
"416","CM2","English","Yes",0.67589282989502,0.196515249961071,0.621201038360596,1.26543857977823
"417","CM2","Switch","No",0.714962125817935,0.223620275477901,0.659195065498352,1.38582295225164
"418","CM2","Switch","Yes",0.712043898588431,0.214509643058082,0.658843040466309,1.35557282776268
"419","CM3","German","No",0.826348793506622,0.24503788448312,0.793366074562073,1.56146244695598
"420","CM3","German","Yes",0.818122076588636,0.219386079998546,0.793101072311401,1.47628031658427
"421","CM3","English","No",0.731821592648824,0.229022788569011,0.695128440856934,1.41888995835586
"422","CM3","English","Yes",0.731821592648824,0.229022788569011,0.695128440856934,1.41888995835586
"423","CM3","Switch","No",0.832580605645974,0.308288924086088,0.762144088745117,1.75744737790424
"424","CM3","Switch","Yes",0.823211839219101,0.278251382319662,0.761197090148926,1.65796598617809
"425","CM4","German","No",0.761010310384962,0.227882174791529,0.698313593864441,1.44465683475955
"426","CM4","German","Yes",0.761010310384962,0.227882174791529,0.698313593864441,1.44465683475955
"427","CM4","English","No",0.770055631796519,0.257290384291408,0.716042041778564,1.54192678467074
"428","CM4","English","Yes",0.752499734417776,0.197608096703101,0.714543104171753,1.34532402452708
"429","CM4","Switch","No",0.896121190985044,0.330680146543451,0.824945449829102,1.8881616306154
"430","CM4","Switch","Yes",0.867570671994807,0.232536835414807,0.820727467536926,1.56518117823923
"431","CM5","German","No",0.589963595072428,0.174567083372982,0.54429304599762,1.11366484519137
"432","CM5","German","Yes",0.589963595072428,0.174567083372982,0.54429304599762,1.11366484519137
"433","CM5","English","No",0.602811793486277,0.152400915821629,0.578200459480285,1.06001454095116
"434","CM5","English","Yes",0.602811793486277,0.152400915821629,0.578200459480285,1.06001454095116
"435","CM5","Switch","No",0.672738214333852,0.289338940916972,0.592206954956055,1.54075503708477
"436","CM5","Switch","Yes",0.65124479728409,0.213657953882485,0.590402007102967,1.29221865893154
"437","CM6","German","No",0.684556158383687,0.223427600422584,0.615813970565795,1.35483895965144
"438","CM6","German","Yes",0.684556158383687,0.223427600422584,0.615813970565795,1.35483895965144
"439","CM6","English","No",0.653781871000926,0.19181309835493,0.606454491615295,1.22922116606572
"440","CM6","English","Yes",0.653781871000926,0.19181309835493,0.606454491615295,1.22922116606572
"441","CM6","Switch","No",0.616695478061835,0.194289631830234,0.573375940322876,1.19956437355254
"442","CM6","Switch","Yes",0.610167297858075,0.166076292517205,0.573151469230652,1.10839617540969
"443","CM7","German","No",0.620863872104221,0.174510983832023,0.588255047798157,1.14439682360029
"444","CM7","German","Yes",0.620863872104221,0.174510983832023,0.588255047798157,1.14439682360029
"445","CM7","English","No",0.698216068744659,0.230504455099596,0.637523531913758,1.38972943404345
"446","CM7","English","Yes",0.698216068744659,0.230504455099596,0.637523531913758,1.38972943404345
"447","CM7","Switch","No",0.772428367535273,0.406281083957449,0.679319977760315,1.99127161940762
"448","CM7","Switch","Yes",0.731693350838501,0.271152338969733,0.676561832427979,1.5451503677477
"449","CM8","German","No",0.708450986279382,0.211938169381664,0.661983966827393,1.34426549442438
"450","CM8","German","Yes",0.708450986279382,0.211938169381664,0.661983966827393,1.34426549442438
"451","CM8","English","No",0.688432644473182,0.181044672546123,0.65987503528595,1.23156666211155
"452","CM8","English","Yes",0.688432644473182,0.181044672546123,0.65987503528595,1.23156666211155
"453","CM8","Switch","No",0.716744254529476,0.267192449597907,0.644281148910522,1.5183216033232
"454","CM8","Switch","Yes",0.706638648075128,0.234378638811267,0.643424987792969,1.40977456450893
"455","CM9","German","No",0.826979325877296,0.289694131624269,0.776872038841248,1.6960617207501
"456","CM9","German","Yes",0.826979325877296,0.289694131624269,0.776872038841248,1.6960617207501
"457","CM9","English","No",0.644439419110616,0.215504476106505,0.608973503112793,1.29095284743013
"458","CM9","English","Yes",0.637131574448575,0.175414582788568,0.608973503112793,1.16337532281428
"459","CM9","Switch","No",0.684761596719424,0.239672857727694,0.645911574363708,1.40378016990251
"460","CM9","Switch","Yes",0.674197624814335,0.199559671370397,0.644321918487549,1.27287663892553
"461","CN0","German","No",0.5929968741205,0.207297349532498,0.557869076728821,1.21488892271799
"462","CN0","German","Yes",0.581527856475148,0.139297113277534,0.556199073791504,0.99941919630775
"463","CN0","English","No",0.828383199373881,0.387021792695688,0.700326442718506,1.98944857746095
"464","CN0","English","Yes",0.79677044469758,0.296620963327973,0.698299169540405,1.6866333346815
"465","CN0","Switch","No",0.654686535894871,0.251749613768614,0.592172026634217,1.40993537720071
"466","CN0","Switch","Yes",0.64671587295612,0.218829013871025,0.591679930686951,1.3032029145692
"467","CN1","German","No",0.691528985235426,0.284454085029358,0.617788553237915,1.5448912403235
"468","CN1","German","Yes",0.678570018800277,0.225766721469398,0.61651611328125,1.35587018320847
"469","CN1","English","No",0.763221490383148,0.379626439972877,0.654878497123718,1.90210081030178
"470","CN1","English","Yes",0.722657318819653,0.258260302428728,0.652024984359741,1.49743822610584
"471","CN1","Switch","No",0.649527146915595,0.223904155004442,0.607080936431885,1.32123961192892
"472","CN1","Switch","Yes",0.643309297541736,0.177880678300946,0.607028007507324,1.17695133244457
"473","CN2","German","No",0.912516077359517,0.63702770447865,0.70040762424469,2.82359919079547
"474","CN2","German","Yes",0.780514568972164,0.283170696411407,0.691436052322388,1.63002665820639
"475","CN2","English","No",1.09094896184074,0.728917201123525,0.80972957611084,3.27770056521131
"476","CN2","English","Yes",0.860140469089244,0.295983966168237,0.780221939086914,1.74809236759396
"477","CN2","Switch","No",0.942654274900754,0.553823476766206,0.760192036628723,2.60412470519937
"478","CN2","Switch","Yes",0.845559787331966,0.299127881455616,0.740663528442382,1.74294343169881
"479","CN3","German","No",0.870554492208693,0.388565315932915,0.761074900627136,2.03625044000744
"480","CN3","German","Yes",0.817347555324949,0.26099635056668,0.751420021057129,1.60033660702499
"481","CN3","English","No",1.09463570780224,0.619161539979004,0.9186190366745,2.95212032773925
"482","CN3","English","Yes",0.992127789391412,0.2921554864697,0.907109975814819,1.86859424880051
"483","CN3","Switch","No",0.880924073855082,0.470278204289543,0.774023532867431,2.29175868672371
"484","CN3","Switch","Yes",0.821723641369021,0.271671803830471,0.757301092147827,1.63673905286044
"485","CN4","German","No",0.870727146996392,0.568929379456797,0.710974931716919,2.57751528536678
"486","CN4","German","Yes",0.768728822295429,0.342939655792727,0.687433004379272,1.79754778967361
"487","CN4","English","No",0.862722089555528,0.56112756684019,0.712179064750671,2.5461047900761
"488","CN4","English","Yes",0.786309684632141,0.330236787886643,0.707350015640259,1.77702004829207
"489","CN4","Switch","No",0.899536834160487,0.545759522506998,0.744358539581299,2.53681540168148
"490","CN4","Switch","Yes",0.810118063273524,0.328086185812246,0.731988906860352,1.79437662071026
"491","CN5","German","No",0.733300255404578,0.149145381442053,0.708938002586365,1.18073639973074
"492","CN5","German","Yes",0.733300255404578,0.149145381442053,0.708938002586365,1.18073639973074
"493","CN5","English","No",0.680089619424608,0.204781833385791,0.628095388412475,1.29443511958198
"494","CN5","English","Yes",0.680089619424608,0.204781833385791,0.628095388412475,1.29443511958198
"495","CN5","Switch","No",0.682848860323429,0.177851718349352,0.645418405532837,1.21640401537149
"496","CN5","Switch","Yes",0.682848860323429,0.177851718349352,0.645418405532837,1.21640401537149
"497","CQ0","German","No",0.71846590174569,0.217955068623243,0.666270017623901,1.37233110761542
"498","CQ0","German","Yes",0.71846590174569,0.217955068623243,0.666270017623901,1.37233110761542
"499","CQ0","English","No",0.714826216962602,0.222075219277629,0.658177375793457,1.38105187479549
"500","CQ0","English","Yes",0.714826216962602,0.222075219277629,0.658177375793457,1.38105187479549
"501","CQ0","Switch","No",0.745163847009341,0.254430707999538,0.686367988586426,1.50845597100796
"502","CQ0","Switch","Yes",0.74113580727627,0.238885058254151,0.68538498878479,1.45779098203872
"503","CU0","German","No",0.728827688429091,0.211440361832164,0.69346296787262,1.36314877392558
"504","CU0","German","Yes",0.728827688429091,0.211440361832164,0.69346296787262,1.36314877392558
"505","CU0","English","No",0.765080585744646,0.285283414322109,0.700092434883118,1.62093082871097
"506","CU0","English","Yes",0.757532510011556,0.267452838120226,0.699102878570557,1.55989102437223
"507","CU0","Switch","No",0.773189105093479,0.309848500221356,0.729819059371948,1.70273460575755
"508","CU0","Switch","Yes",0.754929533004761,0.249125626997658,0.727941036224365,1.50230641399773
"509","CU1","German","No",0.795752996868557,0.27249262590921,0.725480556488038,1.61323087459619
"510","CU1","German","Yes",0.786525141593464,0.243424879815562,0.725193023681641,1.51679978104015
"511","CU1","English","No",0.892618385950724,0.41376478530824,0.793503046035767,2.13391274187544
"512","CU1","English","Yes",0.854541110453633,0.2895825228815,0.791667938232422,1.72328867909813
"513","CU1","Switch","No",0.87794050971667,0.405542144171751,0.769663095474243,2.09456694223192
"514","CU1","Switch","Yes",0.830977992114858,0.257721715085233,0.766978025436402,1.60414313737056
"515","CU2","German","No",0.650967574119568,0.120587006250236,0.634316563606262,1.01272859287028
"516","CU2","German","Yes",0.650967574119568,0.120587006250236,0.634316563606262,1.01272859287028
"517","CU2","English","No",0.624778011110094,0.115047142453676,0.62456202507019,0.969919438471122
"518","CU2","English","Yes",0.624778011110094,0.115047142453676,0.62456202507019,0.969919438471122
"519","CU2","Switch","No",0.662554411590099,0.162094938015236,0.642830491065979,1.14883922563581
"520","CU2","Switch","Yes",0.659163565127984,0.14421937473144,0.642166137695313,1.0918216893223
"521","CU3","German","No",0.695427858829498,0.242341865290459,0.640801548957824,1.42245345470088
"522","CU3","German","Yes",0.688110350230553,0.222187096345164,0.633012056350708,1.35467163926604
"523","CU3","English","No",0.812105284796821,0.392501152418348,0.710450053215027,1.98960874205186
"524","CU3","English","Yes",0.779303741993877,0.297900291461736,0.702049016952515,1.67300461637908
"525","CU3","Switch","No",0.795155731836955,0.445252930146203,0.661609411239624,2.13091452227556
"526","CU3","Switch","Yes",0.732866147379855,0.263260428614946,0.658174872398376,1.52264743322469
"527","CU4","German","No",0.680841765138838,0.286228226707334,0.61503791809082,1.53952644526084
"528","CU4","German","Yes",0.65986144274808,0.207395394645727,0.613961935043335,1.28204762668526
"529","CU4","English","No",0.696502794159783,0.266259907517173,0.634173512458801,1.4952825167113
"530","CU4","English","Yes",0.696502794159783,0.266259907517173,0.634173512458801,1.4952825167113
"531","CU4","Switch","No",0.872131736576557,0.468192636947932,0.719686150550842,2.27670964742035
"532","CU4","Switch","Yes",0.80371588803989,0.302880183695607,0.710155963897705,1.71235643912671
"533","CU5","German","No",0.941653643714057,0.624229838901106,0.80914306640625,2.81434316041738
"534","CU5","German","Yes",0.837495649969855,0.287344713122111,0.780503392219543,1.69952978933619
"535","CU5","English","No",0.952582731511858,0.366428631751774,0.843181014060974,2.05186862676718
"536","CU5","English","Yes",0.930582466772047,0.325801431773261,0.840807914733887,1.90798676209183
"537","CU5","Switch","No",0.923684483766556,0.432714445100227,0.805280923843384,2.22182781906724
"538","CU5","Switch","Yes",0.863394903055278,0.283521946550597,0.798118829727173,1.71396074270707
